{
    "Adana":{
        "box":[
            [
                37.07143800485324,
                35.17329182281017
            ],
            [
                36.91227725278698,
                35.51638118905048
            ]
        ]
    },
    "Cairo":{
        "box":[
            [
                30.4,
                30.8
            ],
            [
                29.7,
                31.8
            ]
        ]
    },
    "Johannesburg":{
        "box":[
            [
                -25.7,
                27.7
            ],
            [
                -26.6,
                28.5
            ]
        ]
    },
    "Manisa":{
        "box":[
            [
                38.69341901846549,
                27.27799521554712
            ],
            [
                38.5893040428113,
                27.491450649299416
            ]
        ]
    },
    "Ordu":{
        "box":[
            [
                41.02005066750512,
                37.859763930345395
            ],
            [
                40.922495635935796,
                38.03387755848272
            ]
        ]
    },
    "Trabzon":{
        "box":[
            [
                41.021005197945385,
                39.65238569404653
            ],
            [
                40.95879910380294,
                39.80587291303715
            ]
        ]
    }
}